[
{"type":"header","version":"4.7.0","comment":"Export to JSON plugin for PHPMyAdmin"},
{"type":"database","name":"inventoryebay"},
{"type":"table","name":"itemsCamera","database":"inventoryebay","data":
[
{"description":"Canon DSLR Camera Bundle, EOS Rebel T6 w 18-55mm, 75-300mm Lenses & Camera Case","rating":"48 product ratings","status":"230 sold"},
{"description":"","rating":"","status":""},
{"description":"","rating":"","status":""},
{"description":"","rating":"","status":""},
{"description":"","rating":"","status":"230 sold"},
{"description":"","rating":"","status":""},
{"description":"","rating":"","status":""},
{"description":"DEAL: Limited Time &Stock: Sony Alpha a7R II Mirrorless Camera Body.a7R 2 a7Rii","rating":"39 product ratings","status":"741 sold"},
{"description":"","rating":"","status":""},
{"description":"","rating":"","status":""},
{"description":"","rating":"","status":""},
{"description":"","rating":"","status":"741 sold"},
{"description":"","rating":"","status":""},
{"description":"Canon EOS 5D Mark IV Digital SLR Camera (Body Only)","rating":"34 product ratings","status":"77 sold"},
{"description":"","rating":"","status":""},
{"description":"","rating":"","status":""},
{"description":"","rating":"","status":""},
{"description":"","rating":"","status":"77 sold"},
{"description":"","rating":"","status":""},
{"description":"","rating":"","status":""},
{"description":"Canon Rebel T6s Camera + 18-135mm IS STM + 55-250 IS STM +50mm 1.8 II - Pro Kit","rating":"","status":""},
{"description":"","rating":"","status":""},
{"description":"","rating":"","status":""},
{"description":"","rating":"","status":""},
{"description":"","rating":"","status":""},
{"description":"Nikon D3300 DSLR Camera + 18-55mm AF-P Lens + 70-300mm + 650-1300mm + 500mm Lens","rating":"","status":"6 watching"},
{"description":"","rating":"","status":""},
{"description":"","rating":"","status":""},
{"description":"","rating":"","status":""},
{"description":"","rating":"","status":"6 watching"},
{"description":"Nikon COOLPIX B500 Digital Camera w\/ 3\"Display, 16MP, 40x Optical Zoom - Red","rating":"24 product ratings","status":"279 sold"},
{"description":"","rating":"","status":""},
{"description":"","rating":"","status":""},
{"description":"","rating":"","status":""},
{"description":"","rating":"","status":"279 sold"},
{"description":"","rating":"","status":""},
{"description":"","rating":"","status":""},
{"description":"Sony Alpha a6000 Mirrorless Digital Camera - Black w\/16-50mm Lens 16GB Package","rating":"69 product ratings","status":""},
{"description":"","rating":"","status":""},
{"description":"","rating":"","status":""},
{"description":"","rating":"","status":""},
{"description":"","rating":"","status":""},
{"description":"","rating":"","status":""},
{"description":"","rating":"","status":""},
{"description":"Sony Alpha a6300 Mirrorless Digital Camera w\/16-50mm Lens","rating":"28 product ratings","status":"104 sold"},
{"description":"","rating":"","status":""},
{"description":"","rating":"","status":""},
{"description":"","rating":"","status":""},
{"description":"","rating":"","status":"104 sold"},
{"description":"","rating":"","status":""},
{"description":"","rating":"","status":""},
{"description":"Canon EOS Rebel T6 DSLR Camera with 18-55mm II Lens 1159C003","rating":"","status":"127 watching"},
{"description":"","rating":"","status":""},
{"description":"","rating":"","status":""},
{"description":"","rating":"","status":""},
{"description":"","rating":"","status":"127 watching"},
{"description":"","rating":"","status":""},
{"description":"Canon EOS Rebel T6 DSLR Camera + EF-S 18-55mm IS II Lens Kit + 32GB Top Bundle","rating":"","status":"40 sold"},
{"description":"","rating":"","status":""},
{"description":"","rating":"","status":""},
{"description":"","rating":"","status":""},
{"description":"","rating":"","status":"40 sold"},
{"description":"","rating":"","status":""},
{"description":"Canon EOS 6D Digital SLR Camera Body","rating":"239 product ratings","status":"85 watching"},
{"description":"","rating":"","status":""},
{"description":"","rating":"","status":""},
{"description":"","rating":"","status":""},
{"description":"","rating":"","status":"85 watching"},
{"description":"","rating":"","status":""},
{"description":"","rating":"","status":""},
{"description":"Nikon COOLPIX P900 16MP Digital Camera with 83x Optical Zoom Lens In Black! NEW!","rating":"132 product ratings","status":"124 sold"},
{"description":"","rating":"","status":""},
{"description":"","rating":"","status":""},
{"description":"","rating":"","status":""},
{"description":"","rating":"","status":"124 sold"},
{"description":"Canon EOS M3 Mirrorless Digital Camera with 18-55mm Lens - Black","rating":"6 product ratings","status":"93 sold"},
{"description":"","rating":"","status":""},
{"description":"","rating":"","status":""},
{"description":"","rating":"","status":""},
{"description":"","rating":"","status":"93 sold"},
{"description":"","rating":"","status":""},
{"description":"","rating":"","status":""},
{"description":"Canon EOS Rebel T6i \/ 750D DSLR Camera + EF-S 18-55mm IS STM Lens *Brand New*","rating":"107 product ratings","status":"45 sold"},
{"description":"","rating":"","status":""},
{"description":"","rating":"","status":""},
{"description":"","rating":"","status":""},
{"description":"","rating":"","status":"45 sold"},
{"description":"","rating":"","status":""},
{"description":"","rating":"","status":""},
{"description":"Nikon D5300 24.2 MP Digital SLR Camera - Red (Body only) BRAND NEW","rating":"30 product ratings","status":""},
{"description":"","rating":"","status":""},
{"description":"","rating":"","status":""},
{"description":"","rating":"","status":""},
{"description":"","rating":"","status":""},
{"description":"","rating":"","status":""},
{"description":"","rating":"","status":""},
{"description":"New listing NEW Canon PowerShot SX610 HS 20.2 MP Digital Camera With 18X Optical Zoom (Red)","rating":"12 product ratings","status":""},
{"description":"","rating":"","status":""},
{"description":"","rating":"","status":""},
{"description":"","rating":"","status":""},
{"description":"","rating":"","status":""},
{"description":"Canon PowerShot SX610 HS 20.2MP Digital Camera Black 18X Optical Zoom Wi-Fi NFC","rating":"","status":"149 sold"},
{"description":"","rating":"","status":""},
{"description":"","rating":"","status":""},
{"description":"","rating":"","status":""},
{"description":"","rating":"","status":"149 sold"},
{"description":"","rating":"","status":""},
{"description":"Canon EOS 700D \/ T5I Rebel 18.0 MP DSLR Camera Body - Memorial Day Sale","rating":"131 product ratings","status":"22 watching"},
{"description":"","rating":"","status":""},
{"description":"","rating":"","status":""},
{"description":"","rating":"","status":""},
{"description":"","rating":"","status":"22 watching"},
{"description":"","rating":"","status":""},
{"description":"","rating":"","status":""},
{"description":"NEW CANON POWERSHOT SX610 HS 20.2 MP DIGITAL CAMERA RED WIFI NF 18X OPTICAL ZOOM","rating":"12 product ratings","status":""},
{"description":"","rating":"","status":""},
{"description":"","rating":"","status":""},
{"description":"","rating":"","status":""},
{"description":"","rating":"","status":""},
{"description":"","rating":"","status":""},
{"description":"","rating":"","status":""},
{"description":"New! Canon PowerShot PowerShot IXUS 175 \/ ELPH 180 20MP 8X Zoom Digital Camera","rating":"","status":"89 watching"},
{"description":"","rating":"","status":""},
{"description":"","rating":"","status":""},
{"description":"","rating":"","status":""},
{"description":"","rating":"","status":"89 watching"},
{"description":"","rating":"","status":""},
{"description":"Canon EOS 5D Mark IV \/ MK 4 DSLR Camera (Body Only) - Memorial Day Sale","rating":"34 product ratings","status":"99 sold"},
{"description":"","rating":"","status":""},
{"description":"","rating":"","status":""},
{"description":"","rating":"","status":""},
{"description":"","rating":"","status":"99 sold"},
{"description":"","rating":"","status":""},
{"description":"","rating":"","status":""},
{"description":"New listing Sony Alpha a5000 20.1MP Digital SLR Camera - Black Kit w\/ E PZ OSS 16-50mm Lens","rating":"58 product ratings","status":""},
{"description":"","rating":"","status":""},
{"description":"","rating":"","status":""},
{"description":"","rating":"","status":""},
{"description":"","rating":"","status":""},
{"description":"SONY ILCE-7 A7 Full Frame camera converted to Infrared or Full Spectrum or UV","rating":"","status":"Only 1 left! 15 watching"},
{"description":"","rating":"","status":""},
{"description":"","rating":"","status":""},
{"description":"","rating":"","status":"Only 1 left! 15 watching"},
{"description":"Nikon D3300 Digital SLR Camera + 18-55mm VR + 55-200mm VR II + 64GB - 4 Lens Kit","rating":"","status":"7 watching"},
{"description":"","rating":"","status":""},
{"description":"","rating":"","status":""},
{"description":"","rating":"","status":""},
{"description":"","rating":"","status":"7 watching"},
{"description":"Nikon D3400 DX-Format DSLR Camera w\/ AF-P DX NIKKOR 18-55mm F\/3.5-5.6G VR Lens","rating":"19 product ratings","status":"81 watching"},
{"description":"","rating":"","status":""},
{"description":"","rating":"","status":""},
{"description":"","rating":"","status":""},
{"description":"","rating":"","status":"81 watching"},
{"description":"","rating":"","status":""},
{"description":"Nikon D3400 24.2MP DSLR Camera + 18-55 VR & 70-300m Lenses Bundle - Choose Color","rating":"","status":"1533+ sold"},
{"description":"","rating":"","status":""},
{"description":"","rating":"","status":""},
{"description":"","rating":"","status":""},
{"description":"","rating":"","status":"1533+ sold"},
{"description":"","rating":"","status":""},
{"description":"","rating":"","status":""},
{"description":"Canon EOS 80D 24.2 MP Dslr Digital slr camera (Body Only) - BRAND NEW WiFi","rating":"67 product ratings","status":"56 sold"},
{"description":"","rating":"","status":""},
{"description":"","rating":"","status":""},
{"description":"","rating":"","status":""},
{"description":"","rating":"","status":"56 sold"},
{"description":"","rating":"","status":""},
{"description":"","rating":"","status":""},
{"description":"Previously Owned Nikon D3200 Camera (Body Only)","rating":"","status":""},
{"description":"","rating":"","status":""},
{"description":"","rating":"","status":""},
{"description":"","rating":"","status":""},
{"description":"","rating":"","status":""},
{"description":"Nikon D810 Digital SLR \/ DSLR Camera Body Only - Memorial Day Sale","rating":"46 product ratings","status":"369 sold"},
{"description":"","rating":"","status":""},
{"description":"","rating":"","status":""},
{"description":"","rating":"","status":""},
{"description":"","rating":"","status":"369 sold"},
{"description":"","rating":"","status":""},
{"description":"","rating":"","status":""},
{"description":"NEW Nikon D5500 (Black) Digital SLR Camera 24.2MP DX-Format Camera Body Only","rating":"97 product ratings","status":""},
{"description":"","rating":"","status":""},
{"description":"","rating":"","status":""},
{"description":"","rating":"","status":""},
{"description":"","rating":"","status":""},
{"description":"","rating":"","status":""},
{"description":"","rating":"","status":""},
{"description":"Nikon D D7200 12.1 MP Digital SLR Camera - Black (Kit w\/ 18-140mm Lens)","rating":"18 product ratings","status":""},
{"description":"","rating":"","status":""},
{"description":"","rating":"","status":""},
{"description":"","rating":"","status":""},
{"description":"","rating":"","status":""},
{"description":"","rating":"","status":""},
{"description":"","rating":"","status":""},
{"description":"Nikon Coolpix B700 20.2MP 4K Digital Camera 60x Optical Zoom Black WiFi\/ NFC","rating":"","status":"86 sold"},
{"description":"","rating":"","status":""},
{"description":"","rating":"","status":""},
{"description":"","rating":"","status":""},
{"description":"","rating":"","status":"86 sold"},
{"description":"","rating":"","status":""},
{"description":"Nikon COOLPIX A900 20MP HD Digital Camera w\/ 35x Optical Zoom & WiFi - Silver","rating":"","status":"51 sold"},
{"description":"","rating":"","status":""},
{"description":"","rating":"","status":""},
{"description":"","rating":"","status":""},
{"description":"","rating":"","status":"51 sold"},
{"description":"","rating":"","status":""},
{"description":"Canon EOS Rebel SL1 \/ 100D DSLR Camera with 18-55mm Lens (Black)","rating":"98 product ratings","status":"32 sold"},
{"description":"","rating":"","status":""},
{"description":"","rating":"","status":""},
{"description":"","rating":"","status":""},
{"description":"","rating":"","status":"32 sold"},
{"description":"Nikon COOLPIX B500 16MP Digital Camera - Red - 26508","rating":"24 product ratings","status":"6 watching"},
{"description":"","rating":"","status":""},
{"description":"","rating":"","status":""},
{"description":"","rating":"","status":""},
{"description":"","rating":"","status":"6 watching"},
{"description":"","rating":"","status":""},
{"description":"Canon EOS M10 Mirrorless Digital Camera - White with 15-45mm Lens","rating":"1 product rating","status":""},
{"description":"","rating":"","status":""},
{"description":"","rating":"","status":""},
{"description":"","rating":"","status":""},
{"description":"","rating":"","status":""},
{"description":"","rating":"","status":""},
{"description":"","rating":"","status":""},
{"description":"NIKON COOLPIX S800C 16.0MP WHITE DIGITAL CAMERA refurbished.","rating":"18 product ratings","status":""},
{"description":"","rating":"","status":""},
{"description":"","rating":"","status":""},
{"description":"","rating":"","status":""},
{"description":"","rating":"","status":""},
{"description":"","rating":"","status":""},
{"description":"Canon EOS Rebel T6S \/ 760D DSLR Camera (Body Only) Black - Memorial Day Sale","rating":"45 product ratings","status":"114 sold"},
{"description":"","rating":"","status":""},
{"description":"","rating":"","status":""},
{"description":"","rating":"","status":""},
{"description":"","rating":"","status":"114 sold"},
{"description":"","rating":"","status":""},
{"description":"","rating":"","status":""},
{"description":"Nikon D3400 24.2MP Digital SLR Camera AF-P 18-55mm VR&70-300mm DualZoom Lens Kit","rating":"","status":"140 watching"},
{"description":"","rating":"","status":""},
{"description":"","rating":"","status":""},
{"description":"","rating":"","status":""},
{"description":"","rating":"","status":"140 watching"},
{"description":"","rating":"","status":""},
{"description":"Sony Cyber-shot DSC-W800 20.1MP Digital Camera 5x Optical Zoom Silver Brand New!","rating":"63 product ratings","status":""},
{"description":"","rating":"","status":""},
{"description":"","rating":"","status":""},
{"description":"","rating":"","status":""},
{"description":"","rating":"","status":""},
{"description":"","rating":"","status":""},
{"description":"T6 Canon EOS Rebel DSLR Wi-Fi Camera EF-S 18-55mm IS + 75-300mm Lens 16GB Bundle","rating":"","status":""},
{"description":"","rating":"","status":""},
{"description":"","rating":"","status":""},
{"description":"","rating":"","status":""},
{"description":"","rating":"","status":""},
{"description":"Nikon COOLPIX L840 16MP Digital Camera with 38x Zoom VR Lens - Red Bundle","rating":"","status":"143 sold"},
{"description":"","rating":"","status":""},
{"description":"","rating":"","status":""},
{"description":"","rating":"","status":""},
{"description":"","rating":"","status":"143 sold"},
{"description":"","rating":"","status":""},
{"description":"Nikon D7200 Digital SLR Camera with 18-140mm VR Lens 1555","rating":"18 product ratings","status":"52 sold"},
{"description":"","rating":"","status":""},
{"description":"","rating":"","status":""},
{"description":"","rating":"","status":""},
{"description":"","rating":"","status":"52 sold"},
{"description":"","rating":"","status":""},
{"description":"","rating":"","status":""},
{"description":"Fujifilm X-T10 Mirrorless Digital Camera with 18-55mm Lens (Black)!! BRAND NEW!!","rating":"","status":"26 watching"},
{"description":"","rating":"","status":""},
{"description":"","rating":"","status":""},
{"description":"","rating":"","status":""},
{"description":"","rating":"","status":"26 watching"},
{"description":"Canon Rebel T6 \/ 1300D DSLR Camera 18-55mm f\/3.5-5.6 IS II Lens","rating":"","status":"97 watching"},
{"description":"","rating":"","status":""},
{"description":"","rating":"","status":""},
{"description":"","rating":"","status":""},
{"description":"","rating":"","status":"97 watching"},
{"description":"","rating":"","status":""},
{"description":"Canon EOS 7D Mark II \/ MK 2 Camera Body Only 20.2MP DSLR - Memorial Day Sale","rating":"105 product ratings","status":"376 sold"},
{"description":"","rating":"","status":""},
{"description":"","rating":"","status":""},
{"description":"","rating":"","status":""},
{"description":"","rating":"","status":"376 sold"},
{"description":"","rating":"","status":""},
{"description":"","rating":"","status":""},
{"description":"Fujifilm X-A3 Mirrorless Digital Camera - Pink with 16-50mm Lens","rating":"","status":"11 watching"},
{"description":"","rating":"","status":""},
{"description":"","rating":"","status":""},
{"description":"","rating":"","status":""},
{"description":"","rating":"","status":"11 watching"},
{"description":"","rating":"","status":""},
{"description":"","rating":"","status":""},
{"description":"New listing Nikon D D3000 10.2MP Digital SLR Camera - Black (Kit w\/ AF-S DX VR 18-55mm Lens)","rating":"280 product ratings","status":""},
{"description":"","rating":"","status":""},
{"description":"","rating":"","status":""},
{"description":"","rating":"","status":""},
{"description":"Canon EOS Rebel T6 Digital SLR Camera Kit with EF-S 18-55mm and EF 75-300mm Zoom","rating":"48 product ratings","status":"104 watching"},
{"description":"","rating":"","status":""},
{"description":"","rating":"","status":""},
{"description":"","rating":"","status":"104 watching"},
{"description":"Canon EOS 5DSR 5DS R Digital SLR DSLR Camera Body - Memorial Day Sale","rating":"37 product ratings","status":"136 sold 40% off"},
{"description":"","rating":"","status":""},
{"description":"","rating":"","status":""},
{"description":"","rating":"","status":""},
{"description":"","rating":"","status":"136 sold 40% off"},
{"description":"","rating":"","status":""},
{"description":"","rating":"","status":""},
{"description":"Nikon 1 J5 Mirrorless Digital Camera with 10-30mm Lens (Black)","rating":"","status":"Only 1 left! 14 sold"},
{"description":"","rating":"","status":""},
{"description":"","rating":"","status":""},
{"description":"","rating":"","status":""},
{"description":"","rating":"","status":"Only 1 left! 14 sold"},
{"description":"Nikon COOLPIX S9500 18.1MP Digital Camera (Black) Refurbished Bundle","rating":"","status":"23 watching"},
{"description":"","rating":"","status":""},
{"description":"","rating":"","status":""},
{"description":"","rating":"","status":""},
{"description":"","rating":"","status":"23 watching"},
{"description":"","rating":"","status":""},
{"description":"Nikon 1 J5 Mirrorless Digital Camera - Silver with 10-30mm Lens","rating":"","status":""},
{"description":"","rating":"","status":""},
{"description":"","rating":"","status":""},
{"description":"","rating":"","status":""},
{"description":"","rating":"","status":""},
{"description":"","rating":"","status":""},
{"description":"","rating":"","status":""},
{"description":"Sony Cyber-shot DSC-RX100 Mark II 20.2-Megapixel Digital Camera In Black! New!","rating":"","status":"35 sold"},
{"description":"","rating":"","status":""},
{"description":"","rating":"","status":""},
{"description":"","rating":"","status":""},
{"description":"","rating":"","status":"35 sold"},
{"description":"Nikon Coolpix B700 20.2MP 4K Digital Camera 60x Optical Zoom Black WiFi\/ NFC","rating":"","status":"111 watching"},
{"description":"","rating":"","status":""},
{"description":"","rating":"","status":""},
{"description":"","rating":"","status":""},
{"description":"","rating":"","status":"111 watching"},
{"description":"","rating":"","status":""},
{"description":"","rating":"","status":""},
{"description":"Canon PowerShot SX620 HS 20.2MP Digital Camera Silver w\/ Accessory Bundle","rating":"","status":""},
{"description":"","rating":"","status":""},
{"description":"","rating":"","status":""},
{"description":"","rating":"","status":""},
{"description":"","rating":"","status":""},
{"description":"","rating":"","status":""},
{"description":"Fujifilm X-T2 Mirrorless Digital Camera with 18-55mm Lens","rating":"","status":""},
{"description":"","rating":"","status":""},
{"description":"","rating":"","status":""},
{"description":"","rating":"","status":""},
{"description":"","rating":"","status":""},
{"description":"","rating":"","status":""},
{"description":"","rating":"","status":""},
{"description":"Canon PowerShot G7 X Mark II Digital Camera","rating":"","status":"115 sold"},
{"description":"","rating":"","status":""},
{"description":"","rating":"","status":""},
{"description":"","rating":"","status":""},
{"description":"","rating":"","status":"115 sold"},
{"description":"","rating":"","status":""},
{"description":"","rating":"","status":""},
{"description":"New Canon Rebel T6 Digital SLR Camera Premium Kit w\/ 2 Lens 18-55 & 75-300mm bag","rating":"48 product ratings","status":"38 sold"},
{"description":"","rating":"","status":""},
{"description":"","rating":"","status":""},
{"description":"","rating":"","status":""},
{"description":"","rating":"","status":"38 sold"},
{"description":"","rating":"","status":""},
{"description":"","rating":"","status":""},
{"description":"Samsung WB Series WB150F 14.2 MP Digital Camera - Black Excellent Condition N\/R.","rating":"83 product ratings","status":""},
{"description":"","rating":"","status":""},
{"description":"","rating":"","status":""},
{"description":"","rating":"","status":""},
{"description":"","rating":"","status":""},
{"description":"Canon EOS 6D 20.2 MP Digital SLR Camera + AF IS USM 24-105mm Lens!! BRAND NEW!!","rating":"47 product ratings","status":"34 watching"},
{"description":"","rating":"","status":""},
{"description":"","rating":"","status":""},
{"description":"","rating":"","status":""},
{"description":"","rating":"","status":"34 watching"},
{"description":"Canon EOS Rebel T6 Digital SLR Camera Kit with EF-S 18-55mm f\/3.5-5.6 IS II Lens","rating":"","status":""},
{"description":"","rating":"","status":""},
{"description":"","rating":"","status":""},
{"description":"","rating":"","status":""},
{"description":"Olympus OM-D E-M1 16.3MP Digital Camera - Black (Body Only) and HLD-7 Grip - Exc","rating":"42 product ratings","status":""},
{"description":"","rating":"","status":""},
{"description":"","rating":"","status":""},
{"description":"","rating":"","status":""},
{"description":"","rating":"","status":""},
{"description":"","rating":"","status":""},
{"description":"New listing Canon Rebel XS DSLR Camera & EF-S 18-55mm\/3.5-5.6 Lens Bundle *Read Description*","rating":"","status":""},
{"description":"","rating":"","status":""},
{"description":"","rating":"","status":""},
{"description":"","rating":"","status":""},
{"description":"Nikon D300 12.3 MP Digital SLR Camera - Black (Body Only)","rating":"133 product ratings","status":"14 watching"},
{"description":"","rating":"","status":""},
{"description":"","rating":"","status":""},
{"description":"","rating":"","status":"14 watching"},
{"description":"Nikon D3400 24.2 MP DSLR Camera w\/ AF-P DX 18-55mm VR Lens Kit (Red)","rating":"","status":"45 sold"},
{"description":"","rating":"","status":""},
{"description":"","rating":"","status":""},
{"description":"","rating":"","status":""},
{"description":"","rating":"","status":"45 sold"},
{"description":"","rating":"","status":""},
{"description":"Canon EOS M5 24.2MP Digital SLR Camera - Black (Kit w\/ EF-M 18-150mm Lens)","rating":"1 product rating","status":""},
{"description":"","rating":"","status":""},
{"description":"","rating":"","status":""},
{"description":"","rating":"","status":""},
{"description":"","rating":"","status":""},
{"description":"","rating":"","status":""},
{"description":"Nikon COOLPIX P900 16MP 83x Super Zoom Digital Camera - Black","rating":"132 product ratings","status":"121 sold"},
{"description":"","rating":"","status":""},
{"description":"","rating":"","status":""},
{"description":"","rating":"","status":""},
{"description":"","rating":"","status":"121 sold"},
{"description":"","rating":"","status":""},
{"description":"Sony Alpha a7 II Mirrorless Digital Camera with FE 28-70mm f\/3.5-5.6 OSS Lens","rating":"14 product ratings","status":"77 watching"},
{"description":"","rating":"","status":""},
{"description":"","rating":"","status":""},
{"description":"","rating":"","status":""},
{"description":"","rating":"","status":"77 watching"},
{"description":"Canon Rebel T3i 18.0 MP SLR Camera With EF-S IS II 18-55mm Lens Kit (2 Lenses)","rating":"61 product ratings","status":"146 sold"},
{"description":"","rating":"","status":""},
{"description":"","rating":"","status":""},
{"description":"","rating":"","status":""},
{"description":"","rating":"","status":"146 sold"},
{"description":"","rating":"","status":""},
{"description":"Nikon D7200 Digital SLR Camera w\/18-140mm Lens * BRAND NEW* 1 YR WARRANTY","rating":"18 product ratings","status":"51 sold"},
{"description":"","rating":"","status":""},
{"description":"","rating":"","status":""},
{"description":"","rating":"","status":""},
{"description":"","rating":"","status":"51 sold"},
{"description":"","rating":"","status":""},
{"description":"","rating":"","status":""},
{"description":"Nikon D3400 Red DSLR Camera w\/ DX 18-55mm VR & 70-300mm ED Lens Accessory Bundle","rating":"","status":"104 watching"},
{"description":"","rating":"","status":""},
{"description":"","rating":"","status":""},
{"description":"","rating":"","status":""},
{"description":"","rating":"","status":"104 watching"},
{"description":"","rating":"","status":""},
{"description":"Canon EOS 80D Digital SLR Camera w\/18-135mm Lens","rating":"","status":""},
{"description":"","rating":"","status":""},
{"description":"","rating":"","status":""},
{"description":"","rating":"","status":""},
{"description":"","rating":"","status":""},
{"description":"","rating":"","status":""},
{"description":"","rating":"","status":""},
{"description":"New listing Fujifilm X Series X-Pro1 16.3MP Digital Camera - Black (Body Only)","rating":"37 product ratings","status":""},
{"description":"","rating":"","status":""},
{"description":"","rating":"","status":""},
{"description":"","rating":"","status":""},
{"description":"","rating":"","status":""},
{"description":"","rating":"","status":""},
{"description":"Canon EOS M10 Mirrorless Digital Camera with 15-45mm Lens - Black","rating":"","status":"31 watching"},
{"description":"","rating":"","status":""},
{"description":"","rating":"","status":""},
{"description":"","rating":"","status":""},
{"description":"","rating":"","status":"31 watching"},
{"description":"","rating":"","status":""},
{"description":"","rating":"","status":""},
{"description":"New listing Canon EOS 5D Mark III 22.3MP Digital SLR Camera - Black (Body Only)","rating":"","status":""},
{"description":"","rating":"","status":""},
{"description":"","rating":"","status":""},
{"description":"","rating":"","status":""},
{"description":"New listing Sony Cyber-shot DSC-RX100 20.2MP Digital Camera - Black","rating":"111 product ratings","status":""},
{"description":"","rating":"","status":""},
{"description":"","rating":"","status":""},
{"description":"","rating":"","status":""},
{"description":"","rating":"","status":""},
{"description":"","rating":"","status":""},
{"description":"Nikon D200 10.2 MP Digital SLR Camera - Black (Body Only) w strap, battery, man","rating":"1 product rating","status":""},
{"description":"","rating":"","status":""},
{"description":"","rating":"","status":""},
{"description":"","rating":"","status":""},
{"description":"","rating":"","status":""},
{"description":"Nikon D800E 36.3MP Digital SLR Camera Body #755","rating":"","status":""},
{"description":"","rating":"","status":""},
{"description":"","rating":"","status":""},
{"description":"","rating":"","status":""},
{"description":"","rating":"","status":""},
{"description":"","rating":"","status":""},
{"description":"","rating":"","status":""},
{"description":"Brand New Canon PowerShot SX40 HS 12.1MP Digital Camera Black w\/35x Wide-Angle","rating":"155 product ratings","status":"3 watching"},
{"description":"","rating":"","status":""},
{"description":"","rating":"","status":""},
{"description":"","rating":"","status":""},
{"description":"","rating":"","status":"3 watching"},
{"description":"","rating":"","status":""},
{"description":"T6 Canon EOS Rebel DSLR Wi-Fi Camera EF-S 18-55mm IS + 75-300mm Lens 16GB Bundle","rating":"","status":"105 sold"},
{"description":"","rating":"","status":""},
{"description":"","rating":"","status":""},
{"description":"","rating":"","status":""},
{"description":"","rating":"","status":"105 sold"},
{"description":"","rating":"","status":""},
{"description":"Sony a6000 Mirrorless Digital Camera - Black w\/16-50mm Lens & 16GB SDHC Card","rating":"69 product ratings","status":"63 sold"},
{"description":"","rating":"","status":""},
{"description":"","rating":"","status":""},
{"description":"","rating":"","status":""},
{"description":"","rating":"","status":"63 sold"},
{"description":"","rating":"","status":""},
{"description":"","rating":"","status":""},
{"description":"Nikon COOLPIX A10 Digital Camera (Silver) + 32GB Deluxe Battery & Accessory Kit","rating":"","status":""},
{"description":"","rating":"","status":""},
{"description":"","rating":"","status":""},
{"description":"","rating":"","status":""},
{"description":"","rating":"","status":""},
{"description":"","rating":"","status":""},
{"description":"Canon EOS Rebel T6 DSLR Camera with 18-55mm Lens","rating":"","status":"176 watching"},
{"description":"","rating":"","status":""},
{"description":"","rating":"","status":""},
{"description":"","rating":"","status":""},
{"description":"","rating":"","status":"176 watching"},
{"description":"","rating":"","status":""},
{"description":"","rating":"","status":""},
{"description":"New listing Canon EOS 70D Digital SLR Camera with Premium 2 STM Lens Kit","rating":"108 product ratings","status":""},
{"description":"","rating":"","status":""},
{"description":"","rating":"","status":""},
{"description":"","rating":"","status":""},
{"description":"","rating":"","status":""},
{"description":"Nikon D7100, 24.1 Megapixels, 3.2\" Screen, SD Card, HDMI, Black, DSLR Camera","rating":"","status":""},
{"description":"","rating":"","status":""},
{"description":"","rating":"","status":""},
{"description":"","rating":"","status":""},
{"description":"","rating":"","status":""},
{"description":"","rating":"","status":""},
{"description":"New listing Sony Alpha a5000 20.1MP Digital SLR Camera - Black (Kit w\/ E PZ OSS 16-50mm Lens","rating":"58 product ratings","status":""},
{"description":"","rating":"","status":""},
{"description":"","rating":"","status":""},
{"description":"","rating":"","status":""},
{"description":"","rating":"","status":""},
{"description":"","rating":"","status":""},
{"description":"New listing Canon PowerShot SX610 HS RED 20.2 MP Digital Camera 18x Zoom 3\" LCD WiFi NFC","rating":"12 product ratings","status":""},
{"description":"","rating":"","status":""},
{"description":"","rating":"","status":""},
{"description":"","rating":"","status":""},
{"description":"","rating":"","status":""},
{"description":"","rating":"","status":""},
{"description":"","rating":"","status":""},
{"description":"Nikon D5200 DSLR Camera w\/18-55mm f\/3.5-5.6G VR - Black - Refurbished #1503B","rating":"195 product ratings","status":"73 watching"},
{"description":"","rating":"","status":""},
{"description":"","rating":"","status":""},
{"description":"","rating":"","status":""},
{"description":"","rating":"","status":"73 watching"},
{"description":"","rating":"","status":""},
{"description":"","rating":"","status":""},
{"description":"Canon EOS 6D 20.2 MP CMOS Digital SLR Camera with EF 24-105mm IS STM Kit - Wi-Fi","rating":"4 product ratings","status":"17 watching"},
{"description":"","rating":"","status":""},
{"description":"","rating":"","status":""},
{"description":"","rating":"","status":""},
{"description":"","rating":"","status":"17 watching"},
{"description":"","rating":"","status":""},
{"description":"","rating":"","status":""},
{"description":"Memorial Day Sale Sony Alpha a6000 24.3MP Digital Camera - Silver (Body Only)","rating":"87 product ratings","status":"36 watching 37% off"},
{"description":"","rating":"","status":""},
{"description":"","rating":"","status":""},
{"description":"","rating":"","status":""},
{"description":"","rating":"","status":"36 watching 37% off"},
{"description":"","rating":"","status":""},
{"description":"","rating":"","status":""},
{"description":"Canon EOS Rebel T6 DSLR Camera 18-55mm IS II Lens +PIXMA Photo Printer Bundle","rating":"","status":""},
{"description":"","rating":"","status":""},
{"description":"","rating":"","status":""},
{"description":"","rating":"","status":""},
{"description":"","rating":"","status":""},
{"description":"","rating":"","status":""},
{"description":"Nikon COOLPIX B500 16MP 40x Optical Zoom Digital Camera w\/ Built-in WiFi - Black","rating":"","status":"51 sold"},
{"description":"","rating":"","status":""},
{"description":"","rating":"","status":""},
{"description":"","rating":"","status":""},
{"description":"","rating":"","status":"51 sold"},
{"description":"","rating":"","status":""},
{"description":"Sony Alpha a7 II Mirrorless Digital Camera with FE 28-70mm f\/3.5-5.6 OSS Lens","rating":"14 product ratings","status":""},
{"description":"","rating":"","status":""},
{"description":"","rating":"","status":""},
{"description":"","rating":"","status":""},
{"description":"","rating":"","status":""},
{"description":"","rating":"","status":""},
{"description":"","rating":"","status":""},
{"description":"Pentax K-70 Digital SLR Camera - Black with 18-135mm Lens","rating":"","status":""},
{"description":"","rating":"","status":""},
{"description":"","rating":"","status":""},
{"description":"","rating":"","status":""},
{"description":"","rating":"","status":""},
{"description":"","rating":"","status":""},
{"description":"","rating":"","status":""},
{"description":"Nikon COOLPIX L840 16MP Digital Camera with 38x Zoom VR Lens - Black Bundle","rating":"","status":"64 watching"},
{"description":"","rating":"","status":""},
{"description":"","rating":"","status":""},
{"description":"","rating":"","status":""},
{"description":"","rating":"","status":"64 watching"},
{"description":"","rating":"","status":""},
{"description":"BRAND NEW Canon PowerShot SX530 HS Digital Camera 50x Zoom 16MP 1080P WIFI","rating":"93 product ratings","status":"13 watching"},
{"description":"","rating":"","status":""},
{"description":"","rating":"","status":""},
{"description":"","rating":"","status":""},
{"description":"","rating":"","status":"13 watching"},
{"description":"Nikon - COOLPIX L840 16MP 38x Opt Zoom Digital Camera (Black)","rating":"8 product ratings","status":"67 sold"},
{"description":"","rating":"","status":""},
{"description":"","rating":"","status":""},
{"description":"","rating":"","status":""},
{"description":"","rating":"","status":"67 sold"},
{"description":"","rating":"","status":""},
{"description":"EXCELLENT Canon Rebel T5 SLR Camera w\/ EF-S 18-55mm IS II Lens (2 LENSES)","rating":"290 product ratings","status":"17 sold"},
{"description":"","rating":"","status":""},
{"description":"","rating":"","status":""},
{"description":"","rating":"","status":""},
{"description":"","rating":"","status":"17 sold"},
{"description":"","rating":"","status":""},
{"description":"Canon Powershot SX530 HS 50x Zoom 16MP Camera 32GB Deluxe Accessory Bundle Kit","rating":"5 product ratings","status":""},
{"description":"","rating":"","status":""},
{"description":"","rating":"","status":""},
{"description":"","rating":"","status":""},
{"description":"","rating":"","status":""},
{"description":"","rating":"","status":""},
{"description":"","rating":"","status":""},
{"description":"Canon EOS-1Ds Mark III Digital SLR Camera Body (Used #190191)","rating":"35 product ratings","status":""},
{"description":"","rating":"","status":""},
{"description":"","rating":"","status":""},
{"description":"","rating":"","status":""},
{"description":"","rating":"","status":""},
{"description":"","rating":"","status":""},
{"description":"","rating":"","status":""},
{"description":"Nikon D5600 Digital SLR Camera + Nikkor 18-55mm VR AF-P Zoom Lens *NEW*","rating":"","status":""},
{"description":"","rating":"","status":""},
{"description":"","rating":"","status":""},
{"description":"","rating":"","status":""},
{"description":"","rating":"","status":""},
{"description":"","rating":"","status":""},
{"description":"","rating":"","status":""},
{"description":"Canon EOS-1D X Mark II DSLR Camera (Body Only)","rating":"6 product ratings","status":"33 watching"},
{"description":"","rating":"","status":""},
{"description":"","rating":"","status":""},
{"description":"","rating":"","status":""},
{"description":"","rating":"","status":"33 watching"},
{"description":"","rating":"","status":""},
{"description":"","rating":"","status":""},
{"description":"Canon EOS Rebel T5i Digital SLR Camera with 18-55mm EF-S IS STM Lens","rating":"","status":"Only 1 left! 6 watching"},
{"description":"","rating":"","status":""},
{"description":"","rating":"","status":""},
{"description":"","rating":"","status":""},
{"description":"","rating":"","status":"Only 1 left! 6 watching"},
{"description":"","rating":"","status":""},
{"description":"Fuji Fujifilm X100S 16MP Digital Camera w\/23mm Lens #398","rating":"15 product ratings","status":"18 watching"},
{"description":"","rating":"","status":""},
{"description":"","rating":"","status":""},
{"description":"","rating":"","status":""},
{"description":"","rating":"","status":"18 watching"},
{"description":"","rating":"","status":""},
{"description":"","rating":"","status":""},
{"description":"12K Clicks! Nikon D200 10.2 MP Digital SLR Camera in Box + Accessories - Mint!","rating":"","status":""},
{"description":"","rating":"","status":""},
{"description":"","rating":"","status":""},
{"description":"","rating":"","status":""},
{"description":"Nikon D5500 DSLR Camera w\/ AF-S DX 18-55mm f\/3.5-5.6G VR II Lens (Red) 1547","rating":"8 product ratings","status":"7 watching"},
{"description":"","rating":"","status":""},
{"description":"","rating":"","status":""},
{"description":"","rating":"","status":""},
{"description":"","rating":"","status":"7 watching"},
{"description":"","rating":"","status":""},
{"description":"New listing Canon EOS 5D Mark III 22.3MP Digital SLR Camera - Black (Body Only) EXC COND!","rating":"278 product ratings","status":""},
{"description":"","rating":"","status":""},
{"description":"","rating":"","status":""},
{"description":"","rating":"","status":""},
{"description":"","rating":"","status":""},
{"description":"","rating":"","status":""},
{"description":"Nikon Coolpix A900 Digital Camera - Black + 2 Batteries, 32GB & More","rating":"","status":""},
{"description":"","rating":"","status":""},
{"description":"","rating":"","status":""},
{"description":"","rating":"","status":""},
{"description":"","rating":"","status":""},
{"description":"","rating":"","status":""},
{"description":"","rating":"","status":""},
{"description":"Leica X2 Digital Compact Camera With Elmarit 24mm f\/2.8 ASPH Lens (Black) New","rating":"2 product ratings","status":"8 watching"},
{"description":"","rating":"","status":""},
{"description":"","rating":"","status":""},
{"description":"","rating":"","status":""},
{"description":"","rating":"","status":"8 watching"},
{"description":"","rating":"","status":""},
{"description":"","rating":"","status":""},
{"description":"Nikon D3300 DSLR Camera with AF-P 18-55mm VR Lens (Black)","rating":"","status":"70 sold"},
{"description":"","rating":"","status":""},
{"description":"","rating":"","status":""},
{"description":"","rating":"","status":""},
{"description":"","rating":"","status":"70 sold"},
{"description":"","rating":"","status":""},
{"description":"Canon PowerShot SX710 20.3MP Digital 30x Optical Zoom Camera Red","rating":"8 product ratings","status":""},
{"description":"","rating":"","status":""},
{"description":"","rating":"","status":""},
{"description":"","rating":"","status":""},
{"description":"","rating":"","status":""},
{"description":"","rating":"","status":""},
{"description":"New listing Nikon D90 12.3MP Digital Camera w\/ 18-105mm f\/3.5-5.6 G AF-S VR Lens; BL 410489","rating":"25 product ratings","status":""},
{"description":"","rating":"","status":""},
{"description":"","rating":"","status":""},
{"description":"","rating":"","status":""},
{"description":"BRAND NEW CANON PowerShot G1X Mark II Digital Camera 12.8MP (Black) G1 X","rating":"","status":""},
{"description":"","rating":"","status":""},
{"description":"","rating":"","status":""},
{"description":"","rating":"","status":""},
{"description":"","rating":"","status":""},
{"description":"Nikon COOLPIX L340 20.2MP Digital Camera with 28x Optical Zoom - Black-BRAND NEW","rating":"19 product ratings","status":"57 watching"},
{"description":"","rating":"","status":""},
{"description":"","rating":"","status":""},
{"description":"","rating":"","status":"57 watching"},
{"description":"","rating":"","status":""},
{"description":"Nikon 1 J5 Mirrorless Digital Camera - Black w\/10-30mm Lens","rating":"","status":""},
{"description":"","rating":"","status":""},
{"description":"","rating":"","status":""},
{"description":"","rating":"","status":""},
{"description":"","rating":"","status":""},
{"description":"","rating":"","status":""},
{"description":"","rating":"","status":""},
{"description":"Canon PowerShot SX610 HS 20.2 MP Digital Camera, Red NEW","rating":"","status":""},
{"description":"","rating":"","status":""},
{"description":"","rating":"","status":""},
{"description":"","rating":"","status":""},
{"description":"","rating":"","status":""},
{"description":"","rating":"","status":""},
{"description":"","rating":"","status":""},
{"description":"Sony a6500 Mirrorless Camera w\/ 55-210mm Lens + 32GB SDHC Accessory Bundle","rating":"","status":"57 watching"},
{"description":"","rating":"","status":""},
{"description":"","rating":"","status":""},
{"description":"","rating":"","status":""},
{"description":"","rating":"","status":"57 watching"},
{"description":"","rating":"","status":""},
{"description":"","rating":"","status":""},
{"description":"Canon EOS Rebel T5i Digital SLR Camera Kit + 18-55mm IS STM Lens *NEW IN BOX*","rating":"","status":"48 watching"},
{"description":"","rating":"","status":""},
{"description":"","rating":"","status":""},
{"description":"","rating":"","status":""},
{"description":"","rating":"","status":"48 watching"},
{"description":"","rating":"","status":""},
{"description":"","rating":"","status":""},
{"description":"New listing Nikon 1 J1 10.1 MP Digital Camera - White (w\/30-110mm Lens)","rating":"8 product ratings","status":""},
{"description":"","rating":"","status":""},
{"description":"","rating":"","status":""},
{"description":"","rating":"","status":""},
{"description":"","rating":"","status":""},
{"description":"","rating":"","status":""},
{"description":"","rating":"","status":""},
{"description":"Fujifilm X-T20 Mirrorless Digital Camera with 16-50mm Lens (Black)!! BRAND NEW!!","rating":"","status":""},
{"description":"","rating":"","status":""},
{"description":"","rating":"","status":""},
{"description":"","rating":"","status":""},
{"description":"","rating":"","status":""},
{"description":"D3400 Nikon DSLR Camera w\/ AF-P DX 18-55mm & 70-300mm Dual Lens Accessory Bundle","rating":"","status":"129 watching"},
{"description":"","rating":"","status":""},
{"description":"","rating":"","status":""},
{"description":"","rating":"","status":""},
{"description":"","rating":"","status":"129 watching"},
{"description":"","rating":"","status":""},
{"description":"Canon EOS Digital Rebel XSi Camera w\/ EF-S 18-55mm f\/3.5-5.6 IS Lens; BL 409140","rating":"311 product ratings","status":""},
{"description":"","rating":"","status":""},
{"description":"","rating":"","status":""},
{"description":"","rating":"","status":""},
{"description":"","rating":"","status":""},
{"description":"","rating":"","status":""},
{"description":"Fujifilm X Series X-T10 16.3 MP Digital Camera - Silver (Body Only)","rating":"6 product ratings","status":"16 watching 10% off"},
{"description":"","rating":"","status":""},
{"description":"","rating":"","status":""},
{"description":"","rating":"","status":"16 watching 10% off"},
{"description":"","rating":"","status":""},
{"description":"Nikon COOLPIX A10 16.1MP 5x Opt Zoom NIKKOR Glass Lens Digital Camera - Silver","rating":"","status":""},
{"description":"","rating":"","status":""},
{"description":"","rating":"","status":""},
{"description":"","rating":"","status":""},
{"description":"","rating":"","status":""},
{"description":"","rating":"","status":""},
{"description":"Canon EOS 6D 20.2 MP Digital SLR Camera - Black (Body Only) *BRAND NEW*","rating":"239 product ratings","status":"275 sold"},
{"description":"","rating":"","status":""},
{"description":"","rating":"","status":""},
{"description":"","rating":"","status":""},
{"description":"","rating":"","status":"275 sold"},
{"description":"","rating":"","status":""},
{"description":"","rating":"","status":""},
{"description":"Canon EOS 60D 18.0MP DSLR Camera - Black Body + Batteries low Shutter 12k","rating":"266 product ratings","status":"12 watching"},
{"description":"","rating":"","status":""},
{"description":"","rating":"","status":""},
{"description":"","rating":"","status":""},
{"description":"","rating":"","status":"12 watching"},
{"description":"Nikon D3400 DX-Format 24.2MP DSLR Camera with 18-55mm Lens (Black)","rating":"69 product ratings","status":""},
{"description":"","rating":"","status":""},
{"description":"","rating":"","status":""},
{"description":"","rating":"","status":""},
{"description":"","rating":"","status":""},
{"description":"","rating":"","status":""},
{"description":"","rating":"","status":""},
{"description":"NEW Canon PowerShot ELPH 190 IS Digital Camera with 10x Optical Zoom Wi-Fi Blue","rating":"","status":""},
{"description":"","rating":"","status":""},
{"description":"","rating":"","status":""},
{"description":"","rating":"","status":""},
{"description":"","rating":"","status":""},
{"description":"","rating":"","status":""},
{"description":"Canon PowerShot SX420 IS 20MP Digital Camera w\/ 42x Optical Zoom + Wi-Fi - Red","rating":"","status":""},
{"description":"","rating":"","status":""},
{"description":"","rating":"","status":""},
{"description":"","rating":"","status":""},
{"description":"","rating":"","status":""},
{"description":"","rating":"","status":""},
{"description":"Canon EOS Rebel T7i DSLR Camera Video Creator Kit + 18-55mm Lens Bundle","rating":"","status":""},
{"description":"","rating":"","status":""},
{"description":"","rating":"","status":""},
{"description":"","rating":"","status":""},
{"description":"","rating":"","status":""},
{"description":"","rating":"","status":""},
{"description":"Canon EOS REBEL T6 DSLR Camera + 18-55mm IS + FLASH + UV, CPL, FLD FILTER +64GB","rating":"","status":"187 watching"},
{"description":"","rating":"","status":""},
{"description":"","rating":"","status":""},
{"description":"","rating":"","status":""},
{"description":"","rating":"","status":"187 watching"},
{"description":"","rating":"","status":""},
{"description":"Nikon COOLPIX B500 16MP 40x Optical Zoom Digital Camera w\/ Builtin WiFi - Red","rating":"24 product ratings","status":"151 watching"},
{"description":"","rating":"","status":""},
{"description":"","rating":"","status":""},
{"description":"","rating":"","status":""},
{"description":"","rating":"","status":"151 watching"},
{"description":"","rating":"","status":""},
{"description":"Canon Rebel T6 18-55mm IS II Digital SLR Camera Kit - *NEW*","rating":"","status":"Only 1 left! 11 sold"},
{"description":"","rating":"","status":""},
{"description":"","rating":"","status":""},
{"description":"","rating":"","status":""},
{"description":"","rating":"","status":"Only 1 left! 11 sold"},
{"description":"","rating":"","status":""},
{"description":"","rating":"","status":""},
{"description":"Pentax K-3 23.4 MP Digital SLR Camera - Black (Kit w\/ DA 18-135mm WR lens Lens)","rating":"2 product ratings","status":""},
{"description":"","rating":"","status":""},
{"description":"","rating":"","status":""},
{"description":"","rating":"","status":""},
{"description":"","rating":"","status":""},
{"description":"","rating":"","status":""},
{"description":"","rating":"","status":""},
{"description":"New Canon EOS Rebel T6 18MP Digital SLR Camera with EF-S 18-55mm Lens, Black","rating":"","status":"69 watching"},
{"description":"","rating":"","status":""},
{"description":"","rating":"","status":""},
{"description":"","rating":"","status":""},
{"description":"","rating":"","status":"69 watching"},
{"description":"","rating":"","status":""},
{"description":"","rating":"","status":""},
{"description":"Canon EOS 1Ds Mark III 21.1 MP Digital SLR Camera - Pro Workhorse! *USA*","rating":"","status":"20 watching"},
{"description":"","rating":"","status":""},
{"description":"","rating":"","status":""},
{"description":"","rating":"","status":""},
{"description":"","rating":"","status":"20 watching"},
{"description":"","rating":"","status":""},
{"description":"Nikon COOLPIX P900 Digital Camera 83x Optical Zoom Wi-Fi Black 32GB Bundle *NEW","rating":"","status":"90 watching"},
{"description":"","rating":"","status":""},
{"description":"","rating":"","status":""},
{"description":"","rating":"","status":""},
{"description":"","rating":"","status":"90 watching"},
{"description":"","rating":"","status":""},
{"description":"","rating":"","status":""},
{"description":"New listing Canon Rebel T3i Digital Camera w\/ EF-S 18-55mm IS II Lens +LowePro Bag & SD Card","rating":"61 product ratings","status":""},
{"description":"","rating":"","status":""},
{"description":"","rating":"","status":""},
{"description":"","rating":"","status":""},
{"description":"","rating":"","status":""},
{"description":"Nikon 1 J5 Mirrorless Digital camera Only Body - silver","rating":"4 product ratings","status":"51 sold"},
{"description":"","rating":"","status":""},
{"description":"","rating":"","status":""},
{"description":"","rating":"","status":""},
{"description":"","rating":"","status":"51 sold"},
{"description":"","rating":"","status":""},
{"description":"Nikon D800 36.3 MP Digital SLR Camera Body - USA - 17101 clicks - Plus Extras!","rating":"","status":""},
{"description":"","rating":"","status":""},
{"description":"","rating":"","status":""},
{"description":"","rating":"","status":""},
{"description":"BRAND NEW Canon EOS Rebel T5i Digital SLR Camera with 18-55mm EF-S IS STM Lens","rating":"","status":"Only 1 left! 10 watching"},
{"description":"","rating":"","status":""},
{"description":"","rating":"","status":""},
{"description":"","rating":"","status":"Only 1 left! 10 watching"},
{"description":"Nikon COOLPIX B700 Digital 20.2MP 4K Video WiFi NFC Camera 60x Zoom - 32GB Kit","rating":"","status":""},
{"description":"","rating":"","status":""},
{"description":"","rating":"","status":""},
{"description":"","rating":"","status":""},
{"description":"","rating":"","status":""},
{"description":"","rating":"","status":""},
{"description":"","rating":"","status":""},
{"description":"Sony Alpha a6500 Digital Camera with 2.95-Inch LCD (Body Only)","rating":"","status":""},
{"description":"","rating":"","status":""},
{"description":"","rating":"","status":""},
{"description":"","rating":"","status":""},
{"description":"","rating":"","status":""},
{"description":"","rating":"","status":""},
{"description":"New listing Sony Alpha a6000 24.3MP Digital Camera - Black (Kit w\/ E PZ OSS 16-50mm Lens)","rating":"","status":""},
{"description":"","rating":"","status":""},
{"description":"","rating":"","status":""},
{"description":"","rating":"","status":""},
{"description":"Sigma SD 9 3.4 MP Digital SLR Camera - Black (Body Only)","rating":"","status":""},
{"description":"","rating":"","status":""},
{"description":"","rating":"","status":""},
{"description":"","rating":"","status":""},
{"description":"","rating":"","status":""},
{"description":"","rating":"","status":""},
{"description":"","rating":"","status":""},
{"description":"Canon EOS Rebel T5 1200D 18MP Digital Camera (Body) BRAND NEW!","rating":"","status":"81 sold"},
{"description":"","rating":"","status":""},
{"description":"","rating":"","status":""},
{"description":"","rating":"","status":""},
{"description":"","rating":"","status":"81 sold"},
{"description":"New listing Canon EOS 6D DSLR Digital Camera Body Bundle, New Cleaning Kit & Sandisk 32gb","rating":"","status":""},
{"description":"","rating":"","status":""},
{"description":"","rating":"","status":""},
{"description":"","rating":"","status":""},
{"description":"","rating":"","status":""},
{"description":"","rating":"","status":""},
{"description":"Nikon 1 J5 NIKKOR Digital Silver Camera 10-30mm f\/3.5-5.6 PD Zoom Lens","rating":"4 product ratings","status":""},
{"description":"","rating":"","status":""},
{"description":"","rating":"","status":""},
{"description":"","rating":"","status":""},
{"description":"","rating":"","status":""},
{"description":"","rating":"","status":""},
{"description":"Nikon D Df 16.2 MP Digital SLR Camera - Black (Body Only)- USA model","rating":"8 product ratings","status":"14 watching"},
{"description":"","rating":"","status":""},
{"description":"","rating":"","status":""},
{"description":"","rating":"","status":""},
{"description":"","rating":"","status":"14 watching"},
{"description":"","rating":"","status":""},
{"description":"Olympus OM-D E-M10 Mark II Mirrorless 16.1MP Digital Camera w\/ 14-42mm II R Lens","rating":"8 product ratings","status":"26 sold"},
{"description":"","rating":"","status":""},
{"description":"","rating":"","status":""},
{"description":"","rating":"","status":""},
{"description":"","rating":"","status":"26 sold"},
{"description":"","rating":"","status":""},
{"description":"","rating":"","status":""},
{"description":"New listing Nikon D3000 10.2MP Digital SLR Camera Body Only","rating":"219 product ratings","status":""},
{"description":"","rating":"","status":""},
{"description":"","rating":"","status":""},
{"description":"","rating":"","status":""},
{"description":"","rating":"","status":""},
{"description":"Nikon D3300 Camera w\/ 18-55mm Lens + Extras","rating":"","status":"11 watching"},
{"description":"","rating":"","status":""},
{"description":"","rating":"","status":""},
{"description":"","rating":"","status":"11 watching"},
{"description":"New listing Nikon D3200 24.2 MP Digital SLR Camera Body - Black - Read Descriptio","rating":"48 product ratings","status":""},
{"description":"","rating":"","status":""},
{"description":"","rating":"","status":""},
{"description":"","rating":"","status":""},
{"description":"Black Olympus OM-D E-M5 16MP Micro 4\/3 Digital Camera Body Only- in Box, Exc.!","rating":"9 product ratings","status":""},
{"description":"","rating":"","status":""},
{"description":"","rating":"","status":""},
{"description":"","rating":"","status":""},
{"description":"","rating":"","status":""},
{"description":"Canon PowerShot ELPH 180 20MP 8x Optical Zoom HD Video Red Digital Camera","rating":"","status":"25 watching"},
{"description":"","rating":"","status":""},
{"description":"","rating":"","status":""},
{"description":"","rating":"","status":""},
{"description":"","rating":"","status":"25 watching"},
{"description":"","rating":"","status":""},
{"description":"Nikon D5 Digital SLR Camera (Body Only, Dual XQD Slots)","rating":"6 product ratings","status":"Only 1 left! 8 sold"},
{"description":"","rating":"","status":""},
{"description":"","rating":"","status":""},
{"description":"","rating":"","status":""},
{"description":"","rating":"","status":"Only 1 left! 8 sold"},
{"description":"","rating":"","status":""},
{"description":"","rating":"","status":""},
{"description":"New listing Canon EOS Rebel T3i Digital Camera Kit w\/ EF-S 18-55mm Lens + extra batteries","rating":"","status":""},
{"description":"","rating":"","status":""},
{"description":"","rating":"","status":""},
{"description":"","rating":"","status":""},
{"description":"","rating":"","status":""},
{"description":"Sony Alpha a6000 Mirrorless Digital Camera - Black w\/16-50mm Lens 32GB Package","rating":"69 product ratings","status":""},
{"description":"","rating":"","status":""},
{"description":"","rating":"","status":""},
{"description":"","rating":"","status":""},
{"description":"","rating":"","status":""},
{"description":"","rating":"","status":""},
{"description":"","rating":"","status":""},
{"description":"Nikon Coolpix A300 20.1MP 8x Optical Zoom NIKKOR WiFi Silver Digital Camera","rating":"","status":""},
{"description":"","rating":"","status":""},
{"description":"","rating":"","status":""},
{"description":"","rating":"","status":""},
{"description":"","rating":"","status":""},
{"description":"","rating":"","status":""},
{"description":"Nikon D D810 36.3 MP Digital SLR Camera - Black (Body Only)","rating":"46 product ratings","status":"19 watching"},
{"description":"","rating":"","status":""},
{"description":"","rating":"","status":""},
{"description":"","rating":"","status":"19 watching"},
{"description":"Panasonic Lumix DMC-G7 Mirrorless Micro 4\/3 Digital Camera (Body) MEGA KIT NEW!!","rating":"73 product ratings","status":"23 watching"},
{"description":"","rating":"","status":""},
{"description":"","rating":"","status":""},
{"description":"","rating":"","status":""},
{"description":"","rating":"","status":"23 watching"},
{"description":"Canon PowerShot SX530 HS 16MP Digital Camera + Spare Battery & Accessory Kit","rating":"","status":"56 watching"},
{"description":"","rating":"","status":""},
{"description":"","rating":"","status":""},
{"description":"","rating":"","status":""},
{"description":"","rating":"","status":"56 watching"},
{"description":"","rating":"","status":""},
{"description":"Sony NEX-6\/B Mirrorless Digital Camera 16-50mm f\/3.5-5.6 Lens","rating":"","status":"11 watching"},
{"description":"","rating":"","status":""},
{"description":"","rating":"","status":""},
{"description":"","rating":"","status":""},
{"description":"","rating":"","status":"11 watching"},
{"description":"NEW! Canon PowerShot SX720 HS Digital Camera 20mp 40x optical zoom (Black)","rating":"","status":"25 sold"},
{"description":"","rating":"","status":""},
{"description":"","rating":"","status":""},
{"description":"","rating":"","status":""},
{"description":"","rating":"","status":"25 sold"},
{"description":"","rating":"","status":""},
{"description":"","rating":"","status":""},
{"description":"Nikon D5300 13303 Black 24.2 MP Digital SLR Camera with 18-140mm Lens","rating":"","status":"75 watching"},
{"description":"","rating":"","status":""},
{"description":"","rating":"","status":""},
{"description":"","rating":"","status":""},
{"description":"","rating":"","status":"75 watching"},
{"description":"Sony Alpha a6300 Mirrorless Digital Camera with 16-50mm Lens!! BRAND NEW!!","rating":"28 product ratings","status":""},
{"description":"","rating":"","status":""},
{"description":"","rating":"","status":""},
{"description":"","rating":"","status":""},
{"description":"","rating":"","status":""},
{"description":"Canon PowerShot SX60 HS 16.1MP 65x Optical Zoom Wifi \/ NFC Digital Camera Black","rating":"107 product ratings","status":""},
{"description":"","rating":"","status":""},
{"description":"","rating":"","status":""},
{"description":"","rating":"","status":""},
{"description":"","rating":"","status":""},
{"description":"","rating":"","status":""},
{"description":"Canon PowerShot SX420 IS 20MP 42x Super Zoom Digital Camera -Red + 32GB Bundle","rating":"","status":"13 sold"},
{"description":"","rating":"","status":""},
{"description":"","rating":"","status":""},
{"description":"","rating":"","status":""},
{"description":"","rating":"","status":"13 sold"},
{"description":"","rating":"","status":""},
{"description":"","rating":"","status":""},
{"description":"Nikon D3400 24.2 MP DSLR Camera w\/ AF-P DX 18-55mm VR Lens Kit (Black)","rating":"69 product ratings","status":""},
{"description":"","rating":"","status":""},
{"description":"","rating":"","status":""},
{"description":"","rating":"","status":""},
{"description":"","rating":"","status":""},
{"description":"","rating":"","status":""},
{"description":"New listing Nikon D D7100 24.1 MP Digital SLR Camera - Black (Kit w\/ AF-S DX G ED VR 18-140","rating":"24 product ratings","status":""},
{"description":"","rating":"","status":""},
{"description":"","rating":"","status":""},
{"description":"","rating":"","status":""},
{"description":"Olympus OM-D E-M10 Mark II Mirrorless Four Thirds Digital Camera Body (Silver)","rating":"","status":"21 watching"},
{"description":"","rating":"","status":""},
{"description":"","rating":"","status":""},
{"description":"","rating":"","status":""},
{"description":"","rating":"","status":"21 watching"},
{"description":"","rating":"","status":""},
{"description":"New listing Panasonic DMC-GX1 Mirrorless Digital Camera - Black w\/G X14-42mm f3.5-5.6 Lens","rating":"6 product ratings","status":""},
{"description":"","rating":"","status":""},
{"description":"","rating":"","status":""},
{"description":"","rating":"","status":""},
{"description":"","rating":"","status":""},
{"description":"Canon PowerShot ELPH 190 IS 20 MP Digital Camera (Blue) + 32GB Accessory Bundle","rating":"","status":""},
{"description":"","rating":"","status":""},
{"description":"","rating":"","status":""},
{"description":"","rating":"","status":""},
{"description":"","rating":"","status":""},
{"description":"","rating":"","status":""},
{"description":"","rating":"","status":""},
{"description":"Canon EOS Rebel T5 \/ EOS 1200D 18.0MP Digital SLR Camera - Shutter Count: 685","rating":"290 product ratings","status":"Only 1 left! 12 watching"},
{"description":"","rating":"","status":""},
{"description":"","rating":"","status":""},
{"description":"","rating":"","status":""},
{"description":"","rating":"","status":"Only 1 left! 12 watching"},
{"description":"","rating":"","status":""},
{"description":"","rating":"","status":""},
{"description":"Pentax KP 24.3MP Ultra Compact Full HD Digital SLR Camera - Black (Body Only)","rating":"","status":""},
{"description":"","rating":"","status":""},
{"description":"","rating":"","status":""},
{"description":"","rating":"","status":""},
{"description":"","rating":"","status":""},
{"description":"","rating":"","status":""},
{"description":"BRAND NEW OLYMPUS OM-D E-M5 MARK II BODY DIGITAL CAMERAS SILVER","rating":"9 product ratings","status":"87 sold"},
{"description":"","rating":"","status":""},
{"description":"","rating":"","status":""},
{"description":"","rating":"","status":""},
{"description":"","rating":"","status":"87 sold"},
{"description":"","rating":"","status":""},
{"description":"Canon EOS 5DSR \/ 5DS R DSLR Camera Body - Basic Kit - 16gb Memory - New","rating":"37 product ratings","status":""},
{"description":"","rating":"","status":""},
{"description":"","rating":"","status":""},
{"description":"","rating":"","status":""},
{"description":"","rating":"","status":""},
{"description":"","rating":"","status":""},
{"description":"","rating":"","status":""},
{"description":"Nikon D3400 DSLR Camera + AF-P 18-55mm 32GB + Backpack Value Bundle","rating":"","status":"36 watching"},
{"description":"","rating":"","status":""},
{"description":"","rating":"","status":""},
{"description":"","rating":"","status":""},
{"description":"","rating":"","status":"36 watching"},
{"description":"","rating":"","status":""},
{"description":"","rating":"","status":""},
{"description":"Canon EOS 5D Mark III \/ MK 3 22.3 MP DSLR \/ Digital Camera (Body Only) - NEW","rating":"278 product ratings","status":"415 sold 25% off"},
{"description":"","rating":"","status":""},
{"description":"","rating":"","status":""},
{"description":"","rating":"","status":""},
{"description":"","rating":"","status":"415 sold 25% off"},
{"description":"","rating":"","status":""},
{"description":"","rating":"","status":""},
{"description":"New listing Sony Cyber-shot RX100 II 20.2MP Digital Camera DCS-RX100M2 Carl Zeiss T* Lens","rating":"","status":""},
{"description":"","rating":"","status":""},
{"description":"","rating":"","status":""},
{"description":"","rating":"","status":""},
{"description":"","rating":"","status":""},
{"description":"","rating":"","status":""},
{"description":"Canon PowerShot SX500 IS 16.0MP Digital Camera - Black","rating":"63 product ratings","status":""},
{"description":"","rating":"","status":""},
{"description":"","rating":"","status":""},
{"description":"","rating":"","status":""},
{"description":"","rating":"","status":""},
{"description":"Sony Alpha A5100 Mirrorless Camera w\/16-50mm Lens, White Free Accessories","rating":"5 product ratings","status":"51 watching"},
{"description":"","rating":"","status":""},
{"description":"","rating":"","status":""},
{"description":"","rating":"","status":""},
{"description":"","rating":"","status":"51 watching"},
{"description":"","rating":"","status":""},
{"description":"","rating":"","status":""},
{"description":"Sony Black 12.1MP Cyber-Shot Digital Camera w 4x Optical Zoom - DSC-W220\/B","rating":"13 product ratings","status":""},
{"description":"","rating":"","status":""},
{"description":"","rating":"","status":""},
{"description":"","rating":"","status":""},
{"description":"","rating":"","status":""},
{"description":"New listing Nikon Coolpix L340 20.2 MP Digital Camera with 28x Optical Zoom","rating":"","status":""},
{"description":"","rating":"","status":""},
{"description":"","rating":"","status":""},
{"description":"","rating":"","status":""},
{"description":"Canon PowerShot SX420 IS 20MP Digital Camera w\/ 42x Optical Zoom + Wi-Fi - Black","rating":"","status":""},
{"description":"","rating":"","status":""},
{"description":"","rating":"","status":""},
{"description":"","rating":"","status":""},
{"description":"","rating":"","status":""},
{"description":"","rating":"","status":""},
{"description":"Nikon D3400 24.2 MP DX-Format CMOS Digital SLR Camera Body Black - USA Model","rating":"","status":"Only 1 left! 21 sold"},
{"description":"","rating":"","status":""},
{"description":"","rating":"","status":""},
{"description":"","rating":"","status":""},
{"description":"","rating":"","status":"Only 1 left! 21 sold"},
{"description":"","rating":"","status":""},
{"description":"Nikon COOLPIX S9500 18.1 MP 22x Zoom Built-In Wi-Fi Digital Camera (Black) Refur","rating":"23 product ratings","status":"15 sold"},
{"description":"","rating":"","status":""},
{"description":"","rating":"","status":""},
{"description":"","rating":"","status":""},
{"description":"","rating":"","status":"15 sold"},
{"description":"","rating":"","status":""},
{"description":"New listing Fujifilm X-T20 Mirrorless Camera w\/18-55mm Lens - Black (Open Box)","rating":"","status":""},
{"description":"","rating":"","status":""},
{"description":"","rating":"","status":""},
{"description":"","rating":"","status":""},
{"description":"","rating":"","status":""},
{"description":"","rating":"","status":""},
{"description":"","rating":"","status":""},
{"description":"Canon EOS Rebel T6 18.0MP Digital SLR Camera - Kit w\/ EF-S IS III 18-55mm","rating":"","status":"Only 1 left! 8 watching"},
{"description":"","rating":"","status":""},
{"description":"","rating":"","status":""},
{"description":"","rating":"","status":"Only 1 left! 8 watching"},
{"description":"Canon EOS M5 Mirrorless Digital Camera with 18-150mm Lens + 64GB Accessory Kit","rating":"","status":""},
{"description":"","rating":"","status":""},
{"description":"","rating":"","status":""},
{"description":"","rating":"","status":""},
{"description":"","rating":"","status":""},
{"description":"","rating":"","status":""},
{"description":"Canon EOS Rebel 1300D\/T6 18MP DSLR Camera + 18-55mm Lens + 24GB Top Bundle","rating":"","status":"296 sold"},
{"description":"","rating":"","status":""},
{"description":"","rating":"","status":""},
{"description":"","rating":"","status":""},
{"description":"","rating":"","status":"296 sold"},
{"description":"","rating":"","status":""},
{"description":"Canon EOS M5 24.2MP Digital SLR Camera - Black Kit + 64 GB Card","rating":"","status":""},
{"description":"","rating":"","status":""},
{"description":"","rating":"","status":""},
{"description":"","rating":"","status":""},
{"description":"","rating":"","status":""},
{"description":"Canon PowerShot G1 X Mark II Digital Camera","rating":"","status":""},
{"description":"","rating":"","status":""},
{"description":"","rating":"","status":""},
{"description":"","rating":"","status":""},
{"description":"","rating":"","status":""},
{"description":"","rating":"","status":""},
{"description":"","rating":"","status":""},
{"description":"Canon EOS 5D Mark IV 30.4MP Digital SLR Video Camera - Black (Body Only) Bundle!","rating":"34 product ratings","status":""},
{"description":"","rating":"","status":""},
{"description":"","rating":"","status":""},
{"description":"","rating":"","status":""},
{"description":"","rating":"","status":""},
{"description":"","rating":"","status":""},
{"description":"Canon EOS 70D DSLR 20.2 MP Camera Body Only Black - 8469B002","rating":"170 product ratings","status":"59 watching"},
{"description":"","rating":"","status":""},
{"description":"","rating":"","status":""},
{"description":"","rating":"","status":""},
{"description":"","rating":"","status":"59 watching"},
{"description":"","rating":"","status":""},
{"description":"Nikon D3400 24.2 MP DSLR Camera w\/ AF-P DX 18-55mm VR Lens Kit (Black)","rating":"","status":""},
{"description":"","rating":"","status":""},
{"description":"","rating":"","status":""},
{"description":"","rating":"","status":""},
{"description":"","rating":"","status":""},
{"description":"","rating":"","status":""},
{"description":"Sony NEX-5T 16.1MP Silver w\/16-50mm OSS Lens Digital Camera","rating":"","status":"10 watching"},
{"description":"","rating":"","status":""},
{"description":"","rating":"","status":""},
{"description":"","rating":"","status":"10 watching"},
{"description":"CANNON EOS T5\/1200D CAMERA","rating":"","status":""},
{"description":"","rating":"","status":""},
{"description":"","rating":"","status":""},
{"description":"","rating":"","status":""},
{"description":"","rating":"","status":""},
{"description":"","rating":"","status":""},
{"description":"","rating":"","status":""},
{"description":"Nikon D D3100 14.2MP Digital SLR Camera - Black (Body Only) - 6914 Shutter Count","rating":"129 product ratings","status":"10 watching"},
{"description":"","rating":"","status":""},
{"description":"","rating":"","status":""},
{"description":"","rating":"","status":"10 watching"},
{"description":"Nikon D D500 20.9 MP Digital SLR Camera - Black (Kit w\/ 16-80 AF-S DX ED VR Len\u2026","rating":"6 product ratings","status":""},
{"description":"","rating":"","status":""},
{"description":"","rating":"","status":""},
{"description":"","rating":"","status":""},
{"description":"Nikon D D5300 24.2MP Digital SLR Camera - Black (Body Only) - Memorial Day Sale","rating":"177 product ratings","status":"146 sold"},
{"description":"","rating":"","status":""},
{"description":"","rating":"","status":""},
{"description":"","rating":"","status":""},
{"description":"","rating":"","status":"146 sold"},
{"description":"","rating":"","status":""},
{"description":"","rating":"","status":""},
{"description":"Nikon COOLPIX A10 16.1MP 5x Optical Zoom NIKKOR Glass Lens Digital Camera","rating":"","status":""},
{"description":"","rating":"","status":""},
{"description":"","rating":"","status":""},
{"description":"","rating":"","status":""},
{"description":"","rating":"","status":""},
{"description":"","rating":"","status":""},
{"description":"Canon EOS M 18.0MP Digital Camera - Black (Kit w\/ EF-M STM 18-55mm Lens)","rating":"","status":""},
{"description":"","rating":"","status":""},
{"description":"","rating":"","status":""},
{"description":"","rating":"","status":""},
{"description":"","rating":"","status":""},
{"description":"Sony Alpha 7II Mirrorless Camera 28-70mm Lens + 64GB Battery Grip Super Bundle","rating":"","status":""},
{"description":"","rating":"","status":""},
{"description":"","rating":"","status":""},
{"description":"","rating":"","status":""},
{"description":"","rating":"","status":""},
{"description":"","rating":"","status":""},
{"description":"Nikon Japan COOLPIX AW130 camouflage green Digital Camera Wifi Waterproof Outdoo","rating":"","status":"7% off"},
{"description":"","rating":"","status":""},
{"description":"","rating":"","status":""},
{"description":"","rating":"","status":"7% off"},
{"description":"","rating":"","status":""},
{"description":"","rating":"","status":""},
{"description":"","rating":"","status":""},
{"description":"","rating":"","status":""},
{"description":"","rating":"","status":""},
{"description":"","rating":"","status":""},
{"description":"","rating":"","status":""},
{"description":"","rating":"","status":""},
{"description":"","rating":"","status":""},
{"description":"","rating":"","status":""},
{"description":"","rating":"","status":""}
]
}
]
